Workbook

Sheet 2024
A1: categoria | B1: Segmento | C1: isBodySplash
A2: T. Perfumaria e Colônias | B2: Total | C2: Não
A3: T. Subcategorías | B3: Total | C3: Não
A4: T. Feminino | B4: Total | C4: Não
A5: T. Masculino | B5: Total | C5: Não
A6: T. Infantil | B6: Total | C6: Não
A7: T. Embalagem | B7: Total | C7: Não
A8: Refil | B8: Total | C8: Não
A9: Nao Refil | B9: Total | C9: Não
A10: T. Conteudos | B10: Total | C10: Não
A11: Ate 10 Ml. | B11: Total | C11: Não
A12: 11 A 30 Ml. | B12: Total | C12: Não
... A545: Outros Fabricantes Infantil-Cli | B545: Infantil | C545: Não

Sheet 2025
A1: Região | B1: Segmento | C1: Fabricante | D1: Marca | E1: Classificação | F1: Cód. | G1: Marcas | H1: IsBodySplash
A2: T. Brasil | B2: Total | C2: Total | D2: Total | E2: Total | F2: 1 | G2: T. Perfumaria | H2: Não
A3: T. Brasil | B3: Total | C3: Total | D3: Total | E3: Total | F3: 2 | G3: T. Subcategorias | H3: Não
A4: T. Brasil | B4: Total | C4: Total | D4: Total | E4: Total | F4: 2.1 | G4: Feminino | H4: Não
A5: T. Brasil | B5: Total | C5: Total | D5: Total | E5: Total | F5: 2.2 | G5: Masculino | H5: Não
A6: T. Brasil | B6: Total | C6: Total | D6: Total | E6: Total | F6: 2.3 | G6: Infantil | H6: Não
A7: T. Brasil | B7: Total | C7: Total | D7: Total | E7: Total | F7: 2.4 | G7: Unisex | H7: Não
A8: T. Brasil | B8: Total | C8: Total | D8: Total | E8: Total | F8: 3 | G8: T. Embalagem | H8: Não
A9: T. Brasil | B9: Total | C9: Total | D9: Total | E9: Total | F9: 3.1 | G9: Refil | H9: Não
A10: T. Brasil | B10: Total | C10: Total | D10: Total | E10: Total | F10: 3.2 | G10: Não Refil | H10: Não
A11: T. Brasil | B11: Total | C11: Total | D11: Total | E11: Total | F11: 4 | G11: T. Conteudos | H11: Não
A12: T. Brasil | B12: Total | C12: Total | D12: Total | E12: Total | F12: 4.1 | G12: Ate 10 Ml. | H12: Não
A13: T. Brasil | B13: Total | C13: Total | D13: Total | E13: Total | F13: 4.2 | G13: 11 A 30 Ml. | H13: Não
A14: T. Brasil | B14: Total | C14: Total | D14: Total | E14: Total | F14: 4.3 | G14: 31 A 50 Ml. | H14: Não
A15: T. Brasil | B15: Total | C15: Total | D15: Total | E15: Total | F15: 4.4 | G15: 51 A 75 Ml. | H15: Não
A16: T. Brasil | B16: Total | C16: Total | D16: Total | E16: Total | F16: 4.5 | G16: 76 A 100 Ml. | H16: Não
A17: T. Brasil | B17: Total | C17: Total | D17: Total | E17: Total | F17: 4.6 | G17: 101 A 150 Ml. | H17: Não
A18: T. Brasil | B18: Total | C18: Total | D18: Total | E18: Total | F18: 4.7 | G18: 151 A 200 Ml. | H18: Não
A19: T. Brasil | B19: Total | C19: Total | D19: Total | E19: Total | F19: 4.8 | G19: 201 A 300 Ml. | H19: Não
A20: T. Brasil | B20: Total | C20: Total | D20: Total | E20: Total | F20: 4.9 | G20: 301 A 400 Ml. | H20: Não
A21: T. Brasil | B21: Total | C21: Total | D21: Total | E21: Total | F21: 4.10 | G21: 401 A 500 Ml. | H21: Não
A22: T. Brasil | B22: Total | C22: Total | D22: Total | E22: Total | F22: 4.11 | G22: 501 Ml. Ou Mais | H22: Não
A23: T. Brasil | B23: Total | C23: Total | D23: Total | E23: Total | F23: 4.12 | G23: Outras Embalagens ML | H23: Não
A24: T. Brasil | B24: Total | C24: Total | D24: Total | E24: Total | F24: 5 | G24: T. Fabricantes | H24: Não
A25: T. Brasil | B25: Total | C25: P&G | D25: P&G | E25: Fabricante | F25: 5.1 | G25: T. Procter&Gamble | H25: Não
A26: T. Brasil | B26: Total | C26: Boticário | D26: Boticário | E26: Fabricante | F26: 5.2 | G26: T. Grupo Boticario | H26: Não
A27: T. Brasil | B27: Total | C27: Boticário | D27: Boticário | E27: Marca | F27: 5.2.1 | G27: T. O Boticario | H27: Não
A28: T. Brasil | B28: Total | C28: Boticário | D28: Eudora | E28: Marca | F28: 5.2.2 | G28: T. Eudora | H28: Não
A29: T. Brasil | B29: Total | C29: Boticário | D29: Quem Disse Berenice | E29: Marca | F29: 5.2.3 | G29: T. Quem Disse Berenice? | H29: Não
A30: T. Brasil | B30: Total | C30: O. U. I | D30: O. U. I | E30: Fabricante | F30: 5.2.4 | G30: T. O.U.i | H30: Não
A31: T. Brasil | B31: Total | C31: Natura&CO | D31: Natura&CO | E31: Fabricante | F31: 5.3 | G31: Natura&CO | H31: Não
A32: T. Brasil | B32: Total | C32: Natura | D32: Natura | E32: Fabricante | F32: 5.3.1 | G32: Natura + Avon | H32: Não
A33: T. Brasil | B33: Total | C33: Natura | D33: Avon | E33: Marca | F33: 5.3.1.1 | G33: T. Avon | H33: Não
A34: T. Brasil | B34: Total | C34: Natura | D34: Natura | E34: Marca | F34: 5.3.1.2 | G34: T. Natura | H34: Não
A35: T. Brasil | B35: Total | C35: Kenvue | D35: Kenvue | E35: Fabricante | F35: 5.4 | G35: T. Kenvue | H35: Não
A36: T. Brasil | B36: Total | C36: Hinode | D36: Hinode | E36: Fabricante | F36: 5.5 | G36: T. Hinode | H36: Não
... A60: T. Brasil | B60: Total | C60: Outros Fabricantes | D60: Outros Fabricante | E60: Outros Fabricante | F60: 5.26 | G60: T. Outros Fabricantes | H60: Não
A61: T. Brasil | B61: Total | C61: Total | D61: Total | E61: Total | F61: 6 | G61: T. Segmentação | H61: Não
A62: T. Brasil | B62: Feminino | C62: Total | D62: Total | E62: Total | F62: 6.1 | G62: T. Col. Feminina-Cf | H62: =VLOOKUP(G62,'2024'!$A$1:$C$545,3,0) -> Não
A63: T. Brasil | B63: Feminino | C63: Total | D63: Total | E63: Total | F63: 6.1.1 | G63: Importados-Cf | H63: Não
A64: T. Brasil | B64: Feminino | C64: P&G | D64: P&G | E64: Fabricante | F64: 6.1.2 | G64: T. P&G-Cf | H64: =VLOOKUP(G64,'2024'!$A$1:$C$545,3,0) -> Não
A65: T. Brasil | B65: Feminino | C65: P&G | D65: P&G | E65: Variante | F65: 6.1.2.1 | G65: Seiva Alfazema-Cf | H65: =VLOOKUP(G65,'2024'!$A$1:$C$545,3,0) -> Não
A66: T. Brasil | B66: Feminino | C66: Boticário | D66: Boticário | E66: Fabricante | F66: 6.1.3 | G66: T. Grupo Boticario-Cf | H66: =VLOOKUP(G66,'2024'!$A$1:$C$545,3,0) -> Não
A67: T. Brasil | B67: Feminino | C67: Boticário | D67: Boticário | E67: Marca | F67: 6.1.3.1 | G67: T. O Boticario-Cf | H67: =VLOOKUP(G67,'2024'!$A$1:$C$545,3,0) -> Não
A68: T. Brasil | B68: Feminino | C68: Boticário | D68: Boticário | E68: Sub Marca | F68: 6.1.3.1.1 | G68: Anni-Cf | H68: =VLOOKUP(G68,'2024'!$A$1:$C$545,3,0) -> Não
A69: T. Brasil | B69: Feminino | C69: Boticário | D69: Boticário | E69: Sub Marca | F69: 6.1.3.1.2 | G69: Acqua Fresca-Cf | H69: =VLOOKUP(G69,'2024'!$A$1:$C$545,3,0) -> Não
A70: T. Brasil | B70: Feminino | C70: Boticário | D70: Boticário | E70: Sub Marca | F70: 6.1.3.1.3 | G70: Cecita-Cf | H70: =VLOOKUP(G70,'2024'!$A$1:$C$545,3,0) -> Não
A71: T. Brasil | B71: Feminino | C71: Boticário | D71: Boticário | E71: Sub Marca | F71: 6.1.3.1.4 | G71: Free-Cf | H71: =VLOOKUP(G71,'2024'!$A$1:$C$545,3,0) -> Não
A72: T. Brasil | B72: Feminino | C72: Boticário | D72: Boticário | E72: Sub Marca | F72: 6.1.3.1.5 | G72: Thaty-Cf | H72: =VLOOKUP(G72,'2024'!$A$1:$C$545,3,0) -> Não
A73: T. Brasil | B73: Feminino | C73: Boticário | D73: Boticário | E73: Sub Marca | F73: 6.1.3.1.6 | G73: Crazy Feelings-Cf | H73: =VLOOKUP(G73,'2024'!$A$1:$C$545,3,0) -> Não
A74: T. Brasil | B74: Feminino | C74: Boticário | D74: Boticário | E74: Sub Marca | F74: 6.1.3.1.7 | G74: Nativa Spa-Cf | H74: =VLOOKUP(G74,'2024'!$A$1:$C$545,3,0) -> Sim
A75: T. Brasil | B75: Feminino | C75: Boticário | D75: Boticário | E75: Variante | F75: 6.1.3.1.7.1 | G75: Nativa Spa Ameixa | H75: Sim
A76: T. Brasil | B76: Feminino | C76: Boticário | D76: Boticário | E76: Variante | F76: 6.1.3.1.7.2 | G76: Nativa Spa Flor de Ameix | H76: Sim
A77: T. Brasil | B77: Feminino | C77: Boticário | D77: Boticário | E77: Variante | F77: 6.1.3.1.7.3 | G77: Nativa Spa Terapia Cavia | H77: Sim
A78: T. Brasil | B78: Feminino | C78: Boticário | D78: Boticário | E78: Variante | F78: 6.1.3.1.7.4 | G78: Nativa Spa Ameixa Dourada-C | H78: Sim
A79: T. Brasil | B79: Feminino | C79: Boticário | D79: Boticário | E79: Variante | F79: 6.1.3.1.7.5 | G79: Nativa Spa Cereja Rouge-Cf | H79: Sim
A80: T. Brasil | B80: Feminino | C80: Boticário | D80: Boticário | E80: Variante | F80: 6.1.3.1.7.6 | G80: Nativa Spa Lilac-Cf | H80: Sim
A81: T. Brasil | B81: Feminino | C81: Boticário | D81: Boticário | E81: Variante | F81: 6.1.3.1.7.7 | G81: N Spa Royal Plum-Cf | H81: Sim
A82: T. Brasil | B82: Feminino | C82: Boticário | D82: Boticário | E82: Variante | F82: 6.1.3.1.7.8 | G82: N Spa Orquídea Noire-Cf | H82: Sim
A83: T. Brasil | B83: Feminino | C83: Boticário | D83: Boticário | E83: Variante | F83: 6.1.3.1.7.9 | G83: N Spa Morango Rubi-Cf | H83: Sim
A84: T. Brasil | B84: Feminino | C84: Boticário | D84: Boticário | E84: Variante | F84: 6.1.3.1.7.10 | G84: N Spa Limão Patchouli-Cf | H84: Sim
A85: T. Brasil | B85: Feminino | C85: Boticário | D85: Boticário | E85: Variante | F85: 6.1.3.1.7.11 | G85: N Spa Jasmin Sambac-Cf | H85: Sim
A86: T. Brasil | B86: Feminino | C86: Boticário | D86: Boticário | E86: Variante | F86: 6.1.3.1.7.12 | G86: N Spa Ameixa Negra-Cf | H86: Sim
A87: T. Brasil | B87: Feminino | C87: Boticário | D87: Boticário | E87: Outros Sub Marca | F87: 6.1.3.1.7.13 | G87: Outros Nativa Spa-Cf | H87: =VLOOKUP(G87,'2024'!$A$1:$C$545,3,0) -> Sim
A88: T. Brasil | B88: Feminino | C88: Boticário | D88: Boticário | E88: Sub Marca | F88: 6.1.3.1.8 | G88: Cuide-Se Bem-Cf | H88: =VLOOKUP(G88,'2024'!$A$1:$C$545,3,0) -> Sim
A89: T. Brasil | B89: Feminino | C89: Boticário | D89: Boticário | E89: Variante | F89: 6.1.3.1.8.1 | G89: Cuide-se bem Nuvem | H89: Sim
A90: T. Brasil | B90: Feminino | C90: Boticário | D90: Boticário | E90: Variante | F90: 6.1.3.1.8.2 | G90: Cuide-se bem Deleite | H90: Sim
A91: T. Brasil | B91: Feminino | C91: Boticário | D91: Boticário | E91: Variante | F91: 6.1.3.1.8.3 | G91: Cuide-se bem Rosa Algodao | H91: Sim
A92: T. Brasil | B92: Feminino | C92: Boticário | D92: Boticário | E92: Variante | F92: 6.1.3.1.8.4 | G92: CB Beijinho-Cf | H92: =VLOOKUP(G92,'2024'!$A$1:$C$545,3,0) -> Sim
A93: T. Brasil | B93: Feminino | C93: Boticário | D93: Boticário | E93: Variante | F93: 6.1.3.1.8.5 | G93: CB Bendito Cacto-Cf | H93: =VLOOKUP(G93,'2024'!$A$1:$C$545,3,0) -> Sim
A94: T. Brasil | B94: Feminino | C94: Boticário | D94: Boticário | E94: Variante | F94: 6.1.3.1.8.6 | G94: CB Biscoito ou Bolacha-Cf | H94: =VLOOKUP(G94,'2024'!$A$1:$C$545,3,0) -> Sim
A95: T. Brasil | B95: Feminino | C95: Boticário | D95: Boticário | E95: Variante | F95: 6.1.3.1.8.7 | G95: CB Boa Noite-Cf | H95: =VLOOKUP(G95,'2024'!$A$1:$C$545,3,0) -> Sim
A96: T. Brasil | B96: Feminino | C96: Boticário | D96: Boticário | E96: Variante | F96: 6.1.3.1.8.8 | G96: CB Cereja Livre-Cf | H96: =VLOOKUP(G96,'2024'!$A$1:$C$545,3,0) -> Sim
A97: T. Brasil | B97: Feminino | C97: Boticário | D97: Boticário | E97: Variante | F97: 6.1.3.1.8.9 | G97: CB Pessegura-Cf | H97: =VLOOKUP(G97,'2024'!$A$1:$C$545,3,0) -> Sim
A98: T. Brasil | B98: Feminino | C98: Boticário | D98: Boticário | E98: Outros Sub Marca | F98: 6.1.3.1.8.10 | G98: Outros Cuide-se Bem | H98: Sim
A99: T. Brasil | B99: Feminino | C99: Boticário | D99: Boticário | E99: Sub Marca | F99: 6.1.3.1.9 | G99: Dream-Cf | H99: =VLOOKUP(G99,'2024'!$A$1:$C$545,3,0) -> Sim
A100: T. Brasil | B100: Feminino | C100: Boticário | D100: Boticário | E100: Variante | F100: 6.1.3.1.9.1 | G100: Dream Jd de Misterio-Cf | H100: =VLOOKUP(G100,'2024'!$A$1:$C$545,3,0) -> Sim
A101: T. Brasil | B101: Feminino | C101: Boticário | D101: Boticário | E101: Variante | F101: 6.1.3.1.9.2 | G101: Dream Amor no Ar-Cf | H101: =VLOOKUP(G101,'2024'!$A$1:$C$545,3,0) -> Sim
A102: T. Brasil | B102: Feminino | C102: Boticário | D102: Boticário | E102: Variante | F102: 6.1.3.1.9.3 | G102: Dream Banho de Sorte-Cf | H102: =VLOOKUP(G102,'2024'!$A$1:$C$545,3,0) -> Sim
A103: T. Brasil | B103: Feminino | C103: Boticário | D103: Boticário | E103: Variante | F103: 6.1.3.1.9.4 | G103: Dream Ceu Baunilha-Cf | H103: =VLOOKUP(G103,'2024'!$A$1:$C$545,3,0) -> Sim
A104: T. Brasil | B104: Feminino | C104: Boticário | D104: Boticário | E104: Variante | F104: 6.1.3.1.9.5 | G104: Dream Filtro dos Sonhos-Cf | H104: =VLOOKUP(G104,'2024'!$A$1:$C$545,3,0) -> Sim
A105: T. Brasil | B105: Feminino | C105: Boticário | D105: Boticário | E105: Variante | F105: 6.1.3.1.9.6 | G105: Dream Trad-Cf | H105: =VLOOKUP(G105,'2024'!$A$1:$C$545,3,0) -> Sim
A106: T. Brasil | B106: Feminino | C106: Boticário | D106: Boticário | E106: Variante | F106: 6.1.3.1.9.7 | G106: Dream Viag Encantada-Cf | H106: =VLOOKUP(G106,'2024'!$A$1:$C$545,3,0) -> Sim
A107: T. Brasil | B107: Feminino | C107: Boticário | D107: Boticário | E107: Outros Sub Marca | F107: 6.1.3.1.9.8 | G107: Outros Dream-Cf | H107: =VLOOKUP(G107,'2024'!$A$1:$C$545,3,0) -> Sim
A108: T. Brasil | B108: Feminino | C108: Boticário | D108: Boticário | E108: Sub Marca | F108: 6.1.3.1.10 | G108: Accordes-Cf | H108: =VLOOKUP(G108,'2024'!$A$1:$C$545,3,0) -> Não
A109: T. Brasil | B109: Feminino | C109: Boticário | D109: Boticário | E109: Sub Marca | F109: 6.1.3.1.11 | G109: Floratta-Cf | H109: =VLOOKUP(G109,'2024'!$A$1:$C$545,3,0) -> Não
A110: T. Brasil | B110: Feminino | C110: Boticário | D110: Boticário | E110: Variante | F110: 6.1.3.1.11.1 | G110: Floratta. Blue | H110: Não
A111: T. Brasil | B111: Feminino | C111: Boticário | D111: Boticário | E111: Variante | F111: 6.1.3.1.11.2 | G111: Floratta. Red | H111: Não
A112: T. Brasil | B112: Feminino | C112: Boticário | D112: Boticário | E112: Variante | F112: 6.1.3.1.11.3 | G112: Floratta Gold | H112: Não
A113: T. Brasil | B113: Feminino | C113: Boticário | D113: Boticário | E113: Variante | F113: 6.1.3.1.11.4 | G113: Floratta Rose | H113: Não
A114: T. Brasil | B114: Feminino | C114: Boticário | D114: Boticário | E114: Variante | F114: 6.1.3.1.11.5 | G114: Floratta. Cerejeira Em F | H114: Não
A115: T. Brasil | B115: Feminino | C115: Boticário | D115: Boticário | E115: Variante | F115: 6.1.3.1.11.6 | G115: Floratta. Flores Secreta | H115: Não
A116: T. Brasil | B116: Feminino | C116: Boticário | D116: Boticário | E116: Variante | F116: 6.1.3.1.11.7 | G116: Floratta Red Passion | H116: Não
A117: T. Brasil | B117: Feminino | C117: Boticário | D117: Boticário | E117: Variante | F117: 6.1.3.1.11.8 | G117: Floratta Red Blossom | H117: Não
A118: T. Brasil | B118: Feminino | C118: Boticário | D118: Boticário | E118: Variante | F118: 6.1.3.1.11.9 | G118: Floratta Fleur D Eclipse-C | H118: =VLOOKUP(G118,'2024'!$A$1:$C$545,3,0) -> Não
A119: T. Brasil | B119: Feminino | C119: Boticário | D119: Boticário | E119: Variante | F119: 6.1.3.1.11.10 | G119: Floratta Fleur Supreme-Cf | H119: =VLOOKUP(G119,'2024'!$A$1:$C$545,3,0) -> Não
A120: T. Brasil | B120: Feminino | C120: Boticário | D120: Boticário | E120: Variante | F120: 6.1.3.1.11.11 | G120: Floratta Love Flower-Cf | H120: =VLOOKUP(G120,'2024'!$A$1:$C$545,3,0) -> Não
A121: T. Brasil | B121: Feminino | C121: Boticário | D121: Boticário | E121: Variante | F121: 6.1.3.1.11.12 | G121: Floratta My Blue-Cf | H121: =VLOOKUP(G121,'2024'!$A$1:$C$545,3,0) -> Não
A122: T. Brasil | B122: Feminino | C122: Boticário | D122: Boticário | E122: Variante | F122: 6.1.3.1.11.13 | G122: Floratta Simple Love-Cf | H122: =VLOOKUP(G122,'2024'!$A$1:$C$545,3,0) -> Não
A123: T. Brasil | B123: Feminino | C123: Boticário | D123: Boticário | E123: Variante | F123: 6.1.3.1.11.14 | G123: Floratta. Amor De Lavanda-C | H123: Não
...
