Workbook

Sheet 2024
A1: categoria | B1: hexa
A2: 101 A 150 Ml. | B2: #DDADD6
A3: 11 A 30 Ml. | B3: #D07ACC
A4: 151 A 200 Ml. | B4: #E0B7D9
A5: 201 A 300 Ml. | B5: #E3C0DB
A6: 300km/H Eletric-Cm | B6: #EEDC82
A7: 300km/H Intense-Cm | B7: #EEE8CD
A8: 300km/H Max Turbo-Cm | B8: #EEDC82
A9: 300km/H Nitro-Cm | B9: #FFFACD
A10: 300km/H Trad.-Cm | B10: #E2D3A6
A11: 300KM/H-Cm | B11: #F0E68C
A12: 301 A 400 Ml. | B12: #E6C8DE
... A545: Zaad-Cm | B545: #58A47B

Sheet 2025
A1: Região | B1: Fabricante | C1: Marca | D1: Classificação | E1: Marcas | F1: hexa | G1: Cor
A2: T. Brasil | B2: Total | C2: Total | D2: Total | E2: 101 A 150 Ml. | F2: =VLOOKUP(E2,'2024'!$A$2:$B$545,2,FALSE) -> #DDADD6
A3: T. Brasil | B3: Total | C3: Total | D3: Total | E3: 11 A 30 Ml. | F3: =VLOOKUP(E3,'2024'!$A$2:$B$545,2,FALSE) -> #D07ACC
A4: T. Brasil | B4: Total | C4: Total | D4: Total | E4: 151 A 200 Ml. | F4: =VLOOKUP(E4,'2024'!$A$2:$B$545,2,FALSE) -> #E0B7D9
A5: T. Brasil | B5: Total | C5: Total | D5: Total | E5: 201 A 300 Ml. | F5: =VLOOKUP(E5,'2024'!$A$2:$B$545,2,FALSE) -> #E3C0DB
A6: T. Brasil | B6: Natura | C6: Avon | D6: Variante | E6: 300km/H Eletric-Cm | F6: =VLOOKUP(E6,'2024'!$A$2:$B$545,2,FALSE) -> #EEDC82
A7: T. Brasil | B7: Natura | C7: Avon | D7: Variante | E7: 300km/H Gamer-Cm | F7: #FFD700
A8: T. Brasil | B8: Natura | C8: Avon | D8: Variante | E8: 300km/H Intense-Cm | F8: =VLOOKUP(E8,'2024'!$A$2:$B$545,2,FALSE) -> #EEE8CD
A9: T. Brasil | B9: Natura | C9: Avon | D9: Variante | E9: 300km/H Max Turbo-Cm | F9: =VLOOKUP(E9,'2024'!$A$2:$B$545,2,FALSE) -> #EEDC82
A10: T. Brasil | B10: Natura | C10: Avon | D10: Variante | E10: 300km/H Nitro-Cm | F10: =VLOOKUP(E10,'2024'!$A$2:$B$545,2,FALSE) -> #FFFACD
A11: T. Brasil | B11: Natura | C11: Avon | D11: Variante | E11: 300km/H Surfer-Cm | F11: #EEDC82
A12: T. Brasil | B12: Natura | C12: Avon | D12: Variante | E12: 300km/H Trad.-Cm | F12: =VLOOKUP(E12,'2024'!$A$2:$B$545,2,FALSE) -> #E2D3A6
A13: T. Brasil | B13: Natura | C13: Avon | D13: Sub Marca | E13: 300km/H-Cm | F13: =VLOOKUP(E13,'2024'!$A$2:$B$545,2,FALSE) -> #F0E68C
A14: T. Brasil | B14: Total | C14: Total | D14: Total | E14: 301 A 400 Ml. | F14: =VLOOKUP(E14,'2024'!$A$2:$B$545,2,FALSE) -> #E6C8DE
A15: T. Brasil | B15: Total | C15: Total | D15: Total | E15: 31 A 50 Ml. | F15: =VLOOKUP(E15,'2024'!$A$2:$B$545,2,FALSE) -> #D489CE
A16: T. Brasil | B16: Total | C16: Total | D16: Total | E16: 401 A 500 Ml. | F16: =VLOOKUP(E16,'2024'!$A$2:$B$545,2,FALSE) -> #E8D1E0
A17: T. Brasil | B17: Total | C17: Total | D17: Total | E17: 501 Ml. Ou Mais | F17: =VLOOKUP(E17,'2024'!$A$2:$B$545,2,FALSE) -> #EBD9E3
A18: T. Brasil | B18: Total | C18: Total | D18: Total | E18: 51 A 75 Ml. | F18: =VLOOKUP(E18,'2024'!$A$2:$B$545,2,FALSE) -> #D796D1
A19: T. Brasil | B19: Total | C19: Total | D19: Total | E19: 76 A 100 Ml. | F19: =VLOOKUP(E19,'2024'!$A$2:$B$545,2,FALSE) -> #DAA2D4
A20: T. Brasil | B20: Natura | C20: Avon | D20: Variante | E20: AA Alfazema-Cf | F20: =VLOOKUP(E20,'2024'!$A$2:$B$545,2,FALSE) -> #F1E2C7
A21: T. Brasil | B21: Natura | C21: Avon | D21: Variante | E21: AA Ameixa-Cf | F21: =VLOOKUP(E21,'2024'!$A$2:$B$545,2,FALSE) -> #D1C27B
A22: T. Brasil | B22: Natura | C22: Avon | D22: Variante | E22: AA Baby Smell - Cf | F22: =VLOOKUP(E22,'2024'!$A$2:$B$545,2,FALSE) -> #E8D9B4
A23: T. Brasil | B23: Natura | C23: Avon | D23: Variante | E23: AA Blue Lotus-Cf | F23: =VLOOKUP(E23,'2024'!$A$2:$B$545,2,FALSE) -> #D4C585
... A28: T. Brasil | B28: Natura | C28: Avon | D28: Variante | E28: AA Lavanda Splash-Cf | F28: =VLOOKUP(E28,'2024'!$A$2:$B$545,2,FALSE) -> #E2D3A6
A29: T. Brasil | B29: Natura | C29: Avon | D29: Variante | E29: AA Melancia-Cf | F29: #E1CCA0
A30: T. Brasil | B30: Natura | C30: Avon | D30: Variante | E30: AA Pitanga | F30: =VLOOKUP(E30,'2024'!$A$2:$B$545,2,FALSE) -> #EBDCBB
A31: T. Brasil | B31: Natura | C31: Avon | D31: Variante | E31: AA Pretty Blue-Cf | F31: =VLOOKUP(E31,'2024'!$A$2:$B$545,2,FALSE) -> #E5D6AE
A32: T. Brasil | B32: Boticário | C32: Boticário | D32: Sub Marca | E32: Accordes-Cf | F32: =VLOOKUP(E32,'2024'!$A$2:$B$545,2,FALSE) -> #00FF00
A33: T. Brasil | B33: Boticário | C33: Boticário | D33: Sub Marca | E33: Acqua Fresca-Cf | F33: =VLOOKUP(E33,'2024'!$A$2:$B$545,2,FALSE) -> #00FE88
A34: T. Brasil | B34: Natura | C34: Natura | D34: Variante | E34: Aguas Jabuticaba-Cf | F34: =VLOOKUP(E34,'2024'!$A$2:$B$545,2,FALSE) -> #D5741B
A35: T. Brasil | B35: Natura | C35: Natura | D35: Variante | E35: Aguas Lírio-Cf | F35: =VLOOKUP(E35,'2024'!$A$2:$B$545,2,FALSE) -> #E69016
A36: T. Brasil | B36: Natura | C36: Natura | D36: Variante | E36: Aguas Violeta-Cf | F36: =VLOOKUP(E36,'2024'!$A$2:$B$545,2,FALSE) -> #EE9D14
A37: T. Brasil | B37: Boticário | C37: Boticário | D37: Sub Marca | E37: Anni-Cf | F37: =VLOOKUP(E37,'2024'!$A$2:$B$545,2,FALSE) -> #00CD66
A38: T. Brasil | B38: Boticário | C38: Boticário | D38: Variante | E38: Arbo Atlântica-Cm | F38: #71B225
A39: T. Brasil | B39: Boticário | C39: Boticário | D39: Variante | E39: Arbo Botanic-Cm | F39: =VLOOKUP(E39,'2024'!$A$2:$B$545,2,FALSE) -> #7AA228
A40: T. Brasil | B40: Boticário | C40: Boticário | D40: Variante | E40: Arbo Forest-Cm | F40: #7BA27B
A41: T. Brasil | B41: Boticário | C41: Boticário | D41: Variante | E41: Arbo Intenso-Cm | F41: =VLOOKUP(E41,'2024'!$A$2:$B$545,2,FALSE) -> #94C530
A42: T. Brasil | B42: Boticário | C42: Boticário | D42: Variante | E42: Arbo Liberte-Cm | F42: =VLOOKUP(E42,'2024'!$A$2:$B$545,2,FALSE) -> #83AE2A
A43: T. Brasil | B43: Boticário | C43: Boticário | D43: Variante | E43: Arbo Ocean-Cm | F43: =VLOOKUP(E43,'2024'!$A$2:$B$545,2,FALSE) -> #8CB92D
A44: T. Brasil | B44: Boticário | C44: Boticário | D44: Variante | E44: Arbo Puro-Cm | F44: =VLOOKUP(E44,'2024'!$A$2:$B$545,2,FALSE) -> #9DD133
A45: T. Brasil | B45: Boticário | C45: Boticário | D45: Variante | E45: Arbo Trad | F45: =VLOOKUP(E45,'2024'!$A$2:$B$545,2,FALSE) -> #729725
A46: T. Brasil | B46: Boticário | C46: Boticário | D46: Sub Marca | E46: Arbo-Cm | F46: =VLOOKUP(E46,'2024'!$A$2:$B$545,2,FALSE) -> #698B22
A47: T. Brasil | B47: Total | C47: Total | D47: Total | E47: Ate 10 Ml. | F47: =VLOOKUP(E47,'2024'!$A$2:$B$545,2,FALSE) -> #CD69C9
A48: T. Brasil | B48: Natura | C48: Avon | D48: Sub Marca | E48: Avon 015-Cm | F48: =VLOOKUP(E48,'2024'!$A$2:$B$545,2,FALSE) -> #CDAD00
A49: T. Brasil | B49: Natura | C49: Avon | D49: Sub Marca | E49: Avon Aquavibe-Cf | F49: =VLOOKUP(E49,'2024'!$A$2:$B$545,2,FALSE) -> #CDBE70
A50: T. Brasil | B50: Natura | C50: Avon | D50: Sub Marca | E50: Avon Attraction-Cf | F50: #CDBE70
A51: T. Brasil | B51: Natura | C51: Avon | D51: Sub Marca | E51: Avon Attraction-Cm | F51: #CDBE70
A52: T. Brasil | B52: Avon | C52: Avon | D52: Sub Marca | E52: Avon Baby-Cli | F52: =VLOOKUP(E52,'2024'!$A$2:$B$545,2,FALSE) -> #EBDCBB
A53: T. Brasil | B53: Natura | C53: Avon | D53: Variante | E53: Avon Encan. Irresist.Podero | F53: #EEDC82
A54: T. Brasil | B54: Natura | C54: Avon | D54: Variante | E54: Avon Encan.Energ.Flor da Pe | F54: #FFB35C
A55: T. Brasil | B55: Natura | C55: Avon | D55: Variante | E55: Avon Encan.FascinanteSofist | F55: #FFD700
A56: T. Brasil | B56: Natura | C56: Avon | D56: Variante | E56: Avon Encanto Delicadeza-Cf | F56: #DED09F
A57: T. Brasil | B57: Natura | C57: Avon | D57: Sub Marca | E57: Avon Encanto-Cf | F57: =VLOOKUP(E57,'2024'!$A$2:$B$545,2,FALSE) -> #EEDC82
A58: T. Brasil | B58: Natura | C58: Avon | D58: Sub Marca | E58: Avon Essencia-Cf | F58: =VLOOKUP(E58,'2024'!$A$2:$B$545,2,FALSE) -> #F5DEB3
A59: T. Brasil | B59: Natura | C59: Avon | D59: Sub Marca | E59: Avon Fresh Flowers-Cf | F59: =VLOOKUP(E59,'2024'!$A$2:$B$545,2,FALSE) -> #EEE8CD
A60: T. Brasil | B60: Natura | C60: Avon | D60: Sub Marca | E60: Avon Homem-Cm | F60: =VLOOKUP(E60,'2024'!$A$2:$B$545,2,FALSE) -> #EEDC82
A61: T. Brasil | B61: Natura | C61: Avon | D61: Sub Marca | E61: Avon Lov U-Cf | F61: #DED09F
A62: T. Brasil | B62: Natura | C62: Avon | D62: Sub Marca | E62: Avon Spirit-Cm | F62: =VLOOKUP(E62,'2024'!$A$2:$B$545,2,FALSE) -> #F0E68C
A63: T. Brasil | B63: Boticário | C63: Boticário | D63: Variante | E63: B214 Dark Mint-Cm | F63: #72BD72
A64: T. Brasil | B64: Boticário | C64: Boticário | D64: Variante | E64: B214 Fiji Paradise-Cf | F64: #449983
A65: T. Brasil | B65: Boticário | C65: Boticário | D65: Variante | E65: B214 Fiji Paradise-Cm | F65: #72BD72
A66: T. Brasil | B66: Boticário | C66: Boticário | D66: Variante | E66: B214 Golden Gardenia-Cf | F66: =VLOOKUP(E66,'2024'!$A$2:$B$545,2,FALSE) -> #43A793
A67: T. Brasil | B67: Boticário | C67: Boticário | D67: Variante | E67: B214 Jasmin Patchouli-Cf | F67: #42B5A2
A68: T. Brasil | B68: Natura | C68: Natura | D68: Variante | E68: Biografia Assinatura-Cf | F68: =VLOOKUP(E68,'2024'!$A$2:$B$545,2,FALSE) -> #FFB30D
A69: T. Brasil | B69: Natura | C69: Natura | D69: Variante | E69: Biografia Assinatura-Cm | F69: #EE9D14
A70: T. Brasil | B70: Natura | C70: Natura | D70: Variante | E70: Biografia Caminhos-Cf | F70: =VLOOKUP(E70,'2024'!$A$2:$B$545,2,FALSE) -> #FFA408
A71: T. Brasil | B71: Natura | C71: Natura | D71: Variante | E71: Biografia Encontros-Cf | F71: =VLOOKUP(E71,'2024'!$A$2:$B$545,2,FALSE) -> #FF9D05
A72: T. Brasil | B72: Natura | C72: Natura | D72: Variante | E72: Biografia Encontros-Cm | F72: #EE9D14
A73: T. Brasil | B73: Natura | C73: Natura | D73: Variante | E73: Biografia Inspire-Cf | F73: =VLOOKUP(E73,'2024'!$A$2:$B$545,2,FALSE) -> #FFAC0A
A74: T. Brasil | B74: Natura | C74: Natura | D74: Variante | E74: Biografia Inspire-Cm | F74: #EE9D14
A75: T. Brasil | B75: Natura | C75: Natura | D75: Variante | E75: Biografia Trad- Cf | F75: #FF9503
A76: T. Brasil | B76: Natura | C76: Natura | D76: Variante | E76: Biografia Trad-Cm | F76: =VLOOKUP(E76,'2024'!$A$2:$B$545,2,FALSE) -> #F7AB11
A77: T. Brasil | B77: Natura | C77: Natura | D77: Sub Marca | E77: Biografia-Cf | F77: =VLOOKUP(E77,'2024'!$A$2:$B$545,2,FALSE) -> #FF8C00
A78: T. Brasil | B78: Natura | C78: Natura | D78: Sub Marca | E78: Biografia-Cm | F78: =VLOOKUP(E78,'2024'!$A$2:$B$545,2,FALSE) -> #EE9D14
A79: T. Brasil | B79: Natura | C79: Avon | D79: Variante | E79: Black Essential Dark-Cm | F79: =VLOOKUP(E79,'2024'!$A$2:$B$545,2,FALSE) -> #E8D9B4
A80: T. Brasil | B80: Natura | C80: Avon | D80: Variante | E80: Black Essential Hot-Cm | F80: =VLOOKUP(E80,'2024'!$A$2:$B$545,2,FALSE) -> #EEDFC1
A81: T. Brasil | B81: Natura | C81: Avon | D81: Variante | E81: Black Essential Leather-Cm | F81: #E2D3A6
A82: T. Brasil | B82: Natura | C82: Avon | D82: Sub Marca | E82: Black Essential-Cm | F82: =VLOOKUP(E82,'2024'!$A$2:$B$545,2,FALSE) -> #E2D3A6
A83: T. Brasil | B83: Boticário | C83: Boticário | D83: Sub Marca | E83: Boti Baby-Cli | F83: =VLOOKUP(E83,'2024'!$A$2:$B$545,2,FALSE) -> #3CCEBA
A84: T. Brasil | B84: Boticário | C84: Boticário | D84: Sub Marca | E84: Botica 214-Cf | F84: #6E8B3D
A85: T. Brasil | B85: Boticário | C85: Boticário | D85: Sub Marca | E85: Botica 214-Cm | F85: =VLOOKUP(E85,'2024'!$A$2:$B$545,2,FALSE) -> #6E8B3D
A86: T. Brasil | B86: Boticário | C86: Boticário | D86: Sub Marca | E86: Capricho-Cli | F86: =VLOOKUP(E86,'2024'!$A$2:$B$545,2,FALSE) -> #3DD2BF
A87: T. Brasil | B87: Boticário | C87: Boticário | D87: Variante | E87: CB Beijinho-Cf | F87: =VLOOKUP(E87,'2024'!$A$2:$B$545,2,FALSE) -> #729725
A88: T. Brasil | B88: Boticário | C88: Boticário | D88: Variante | E88: CB Bendito Cacto-Cf | F88: =VLOOKUP(E88,'2024'!$A$2:$B$545,2,FALSE) -> #7AA228
A89: T. Brasil | B89: Boticário | C89: Boticário | D89: Variante | E89: CB Biscoito ou Bolacha-Cf | F89: =VLOOKUP(E89,'2024'!$A$2:$B$545,2,FALSE) -> #83AE2A
A90: T. Brasil | B90: Boticário | C90: Boticário | D90: Variante | E90: CB Boa Noite-Cf | F90: =VLOOKUP(E90,'2024'!$A$2:$B$545,2,FALSE) -> #8CB92D
A91: T. Brasil | B91: Boticário | C91: Boticário | D91: Variante | E91: CB Cereja Livre-Cf | F91: =VLOOKUP(E91,'2024'!$A$2:$B$545,2,FALSE) -> #94C530
A92: T. Brasil | B92: Boticário | C92: Boticário | D92: Variante | E92: CB Pessegura-Cf | F92: =VLOOKUP(E92,'2024'!$A$2:$B$545,2,FALSE) -> #A6DC36
A93: T. Brasil | B93: Boticário | C93: Boticário | D93: Sub Marca | E93: Cecita-Cf | F93: =VLOOKUP(E93,'2024'!$A$2:$B$545,2,FALSE) -> #00CF80
A94: T. Brasil | B94: Boticário | C94: Boticário | D94: Sub Marca | E94: Celebre-Cf | F94: =VLOOKUP(E94,'2024'!$A$2:$B$545,2,FALSE) -> #00CD00
A95: T. Brasil | B95: Boticário | C95: Boticário | D95: Sub Marca | E95: Celebre-Cm | F95: =VLOOKUP(E95,'2024'!$A$2:$B$545,2,FALSE) -> #556B2F
A96: T. Brasil | B96: Boticário | C96: Boticário | D96: Sub Marca | E96: Clash-Cm | F96: #72BD72
A97: T. Brasil | B97: Boticário | C97: Boticário | D97: Variante | E97: Coffe Fusion-Cf | F97: #72BD72
A98: T. Brasil | B98: Boticário | C98: Boticário | D98: Variante | E98: Coffe Lucky-Cf | F98: #72BD72
A99: T. Brasil | B99: Boticário | C99: Boticário | D99: Variante | E99: Coffee Addictive-Cf | F99: #008B00
A100: T. Brasil | B100: Boticário | C100: Boticário | D100: Variante | E100: Coffee Duo-Cf | F100: #51B92D
A101: T. Brasil | B101: Boticário | C101: Boticário | D101: Variante | E101: Coffee Man Duo-Cm | F101: #A7DCA7
A102: T. Brasil | B102: Boticário | C102: Boticário | D102: Variante | E102: Coffee Man Seduction-Cm | F102: =VLOOKUP(E102,'2024'!$A$2:$B$545,2,FALSE) -> #A7DCA7
A103: T. Brasil | B103: Boticário | C103: Boticário | D103: Variante | E103: Coffee Man Trad-Cm | F103: =VLOOKUP(E103,'2024'!$A$2:$B$545,2,FALSE) -> #9ED19E
A104: T. Brasil | B104: Boticário | C104: Boticário | D104: Sub Marca | E104: Coffee Man-Cm | F104: #A7DCA7
...
